settings,average_time,std,failure_count
,0.1537851,9342815.073092263,0
,0.7902368000000001,21650548.537161823,0
,4.1028491,28184410.699711286,0
,28.2657838,198875526.54150283,0
