settings,average_time,std,failure_count
p751,11.163975,50245616.041601084,0
p434,2.852825,13744000.0,0
p503,4.0426215,886500.0,0
p610,6.563345,12442000.0,0
p751,11.256273,26507000.0,0
